Feature,Chi-Square,p-value,Cramer's V
telecom_partner,3.520191429671761,0.31815278688597065,0.004250517917327682
gender,8.032926711766208,0.004593455766540325,0.006420895664075735
state,23.788261280433822,0.6420337325500698,0.011049434723132764
city,3.237471171571892,0.6634275640309728,0.00407625801284178
